{
    "incomes": [
        {
            "id": "1",
            "ammount": "10",
            "date": "2023-03-20",
            "name": "Techin",
            "category": "Alga"
        },
        {
            "id": "2",
            "ammount": "114",
            "date": "2023-03-01",
            "name": "Stroike",
            "category": "Papildomi darbai"
        },
        {
            "id": "3",
            "ammount": "220",
            "date": "2023-02-11",
            "name": "Mociute",
            "category": "Dovana"
        },
        {
            "id": "4",
            "ammount": "345",
            "date": "2023-01-27",
            "name": "Lietuvos Gelezinkeliai",
            "category": "Alga"
        },
        {
            "id": "5",
            "ammount": "444",
            "date": "2022-12-24",
            "name": "Vokelis",
            "category": "Dovana"
        },
        {
            "id": "6",
            "ammount": "528",
            "date": "2022-12-15",
            "name": "Chaltura",
            "category": "Papildomi darbai"
        },
        {
            "id": "7",
            "ammount": "617",
            "date": "2022-11-19",
            "name": "Vakarinis pasivaiksciojimas po automobiliu stovejimo aikstele",
            "category": "Papildomi darbai"
        },
        {
            "id": "8",
            "ammount": "745",
            "date": "2022-10-04",
            "name": "Policija",
            "category": "Alga"
        },
        {
            "id": "9",
            "ammount": "899",
            "date": "2022-09-05",
            "name": "Gimtadienis",
            "category": "Dovana"
        },
        {
            "id": "10",
            "ammount": "1012",
            "date": "2022-08-17",
            "name": "Twitch",
            "category": "Alga"
        }
    ],
    "expenses": [
        {
            "id": "1",
            "ammount": "5",
            "date": "2023-03-24",
            "name": "nachnikas",
            "category": "Parduotuve"
        },
        {
            "id": "2",
            "ammount": "72",
            "date": "2023-03-15",
            "name": "Zara",
            "category": "Parduotuve"
        },
        {
            "id": "3",
            "ammount": "114",
            "date": "2023-02-19",
            "name": "Gintarine Vaistine",
            "category": "Sveikata"
        },
        {
            "id": "4",
            "ammount": "250",
            "date": "2023-01-29",
            "name": "Sarnyras",
            "category": "Transportas"
        },
        {
            "id": "5",
            "ammount": "320",
            "date": "2022-12-31",
            "name": "Nese Casino",
            "category": "Pramogos"
        },
        {
            "id": "6",
            "ammount": "419",
            "date": "2022-12-18",
            "name": "Anabloniniai steroidai ir Co",
            "category": "Sportas"
        },
        {
            "id": "7",
            "ammount": "508",
            "date": "2022-11-22",
            "name": "Bezdonys",
            "category": "Keliones"
        },
        {
            "id": "8",
            "ammount": "607",
            "date": "2022-10-12",
            "name": "Pabo Latino",
            "category": "Pramogos"
        },
        {
            "id": "9",
            "ammount": "718",
            "date": "2022-09-06",
            "name": "Lazerine akiu korekcija",
            "category": "Sveikata"
        },
        {
            "id": "10",
            "ammount": "922",
            "date": "2022-08-25",
            "name": "Bauda policijai",
            "category": "Pramogos"
        },
        {
            "id": "11",
            "ammount": "10",
            "date": "2023-03-22",
            "name": "Koldunai",
            "category": "Parduotuve"
        },
        {
            "id": "12",
            "ammount": "25",
            "date": "2023-03-01",
            "name": "Jager",
            "category": "Sveikata"
        }
    ] 
}
